id;comuna;region
1;Lake Nicoleburgh;New Mexico
2;Perezberg;Tennessee
3;Ericton;Illinois
4;Walterfort;Ohio
5;Omarmouth;Mississippi
6;East Matthew;Alaska
7;West Michael;North Carolina
8;Roseberg;Connecticut
9;East Matthewbury;Alabama
10;South Reneeshire;Oklahoma
11;East George;Mississippi
12;Lake Aliciamouth;Montana
13;Rodriguezberg;Oregon
14;West Rebeccaport;Mississippi
15;Brownview;Colorado
16;New Kelly;Michigan
17;South Jerry;Wyoming
18;New Dennisport;Idaho
19;East Paulburgh;Utah
20;Lake Brookeburgh;Kansas
21;Timothyside;Mississippi
22;West Lucasmouth;West Virginia
23;West Michael;Louisiana
24;Jasonland;West Virginia
25;Lake Shellyfurt;Massachusetts
26;Johnsonshire;Illinois
27;New Andrew;North Carolina
28;Amyshire;Arkansas
29;South Amber;Mississippi
30;East Pamelafurt;Ohio
31;New Kristen;Alabama
32;West Marcus;New Mexico
33;West Dennis;Georgia
34;Port Davidfurt;North Dakota
35;New Wendy;Florida
36;Colemanville;Minnesota
37;New Mary;Louisiana
38;East Christinastad;Mississippi
39;Lindaborough;Iowa
40;North Rhonda;Georgia
41;New Peggymouth;Hawaii
42;Aaronstad;Colorado
43;South Maria;South Dakota
44;Kirkberg;Rhode Island
45;Lake Ebony;Hawaii
46;Port Lindseyland;Hawaii
47;Lake Jamie;Iowa
48;Stevenstad;Washington
49;Brooksbury;South Dakota
50;Butlermouth;Wyoming
51;Monicaland;Oklahoma
52;Aarontown;Rhode Island
53;Staceystad;Maine
54;Johnsonside;California
55;East Tiffany;Tennessee
56;Isaacburgh;Florida
57;Jefferyside;West Virginia
58;New Karen;South Carolina
59;North Susan;South Dakota
60;West Tyler;New Mexico
61;Wendyville;Indiana
62;Brandonshire;Pennsylvania
63;Port Lindaport;Indiana
64;Perezville;Oregon
65;Melissamouth;New Jersey
66;Bennettmouth;Maryland
67;North Johnberg;South Carolina
68;Katherineside;Indiana
69;Wattsbury;Vermont
70;Port Ronald;Utah
71;North Paul;Delaware
72;Michaelmouth;Louisiana
73;Alvarezfort;South Dakota
74;Port Bethany;New Mexico
75;East Davidberg;Hawaii
76;Williamsshire;Kansas
77;Josetown;Connecticut
78;Lake Patrick;Minnesota
79;Port Christine;Utah
80;Haydenhaven;Washington
81;Port Lori;Louisiana
82;Port Jessica;Delaware
83;New Timothyville;South Carolina
84;North Laura;Alabama
85;West Samanthaland;Wisconsin
86;West Rebeccaberg;Texas
87;West Stephanie;New Hampshire
88;Vegashire;New Mexico
89;Meyerville;New Hampshire
90;Murphyside;Alaska
91;Stephanieport;California
92;Brittanyfort;Virginia
93;New Benjamin;Minnesota
94;Port Lisafort;California
95;Steeleville;Virginia
96;Cynthiaville;Illinois
97;Tinaview;Hawaii
98;New Johnport;New Jersey
99;Royville;Louisiana
100;South Jasonside;Maryland
101;West Betty;Georgia
102;Cooperville;Vermont
103;East Edward;Oregon
104;Ortegamouth;Kentucky
105;Murphyborough;Oklahoma
106;South Michaelstad;Indiana
107;South Cynthiaside;Rhode Island
108;Patrickshire;Wyoming
109;Mariatown;Nevada
110;Jessicachester;New Mexico
111;Clarkbury;Iowa
112;South Alexandrahaven;Florida
113;East Nicole;Delaware
114;Stephaniestad;Pennsylvania
115;New Alanport;Nebraska
116;East Jessica;New Mexico
117;Georgechester;Oregon
118;Rebeccaberg;New Mexico
119;Kimtown;Wisconsin
120;New Lauren;Florida
121;Lake Jennifer;Texas
122;Goodmanhaven;Maryland
123;Nealchester;Hawaii
124;New Tamaraville;Rhode Island
125;Lake Ryan;Illinois
126;Danielview;Maryland
127;Davidmouth;Alaska
128;Wilsonstad;Mississippi
129;Jeantown;Idaho
130;Hollychester;Michigan
131;Morrisonberg;Alabama
132;Anthonyside;Mississippi
133;Lake Robin;Colorado
134;Heatherview;Iowa
135;North Sarah;Ohio
136;Jameschester;Hawaii
137;Lake Derektown;New York
138;New Blake;North Dakota
139;Transtad;Missouri
140;North Larry;California
141;Clarkshire;Arkansas
142;Duranland;Ohio
143;Jenkinsmouth;Alabama
144;Mitchellmouth;Florida
145;Lewisfort;New Mexico
146;Torresburgh;Mississippi
147;North Monicaview;New Jersey
148;South Victormouth;California
149;East Jesseton;Montana
150;South Valerie;Kentucky
151;South Sandrabury;Hawaii
152;South Briannashire;Utah
153;East Markton;Washington
154;Blakefort;Connecticut
155;Alvarezfort;Minnesota
156;Wilsonborough;Connecticut
157;Danielchester;Indiana
158;South Donaldtown;West Virginia
159;North Stephenshire;Minnesota
160;South Olivia;Colorado
161;West Sylviahaven;Wyoming
162;Erinmouth;North Dakota
163;Toddstad;Kansas
164;Port Wesley;North Carolina
165;East Stephen;Hawaii
166;Jenniferhaven;Virginia
167;South Andrewstad;Mississippi
168;Morganfurt;Oklahoma
169;Maryside;Iowa
170;Jonesview;Florida
171;East Charles;South Dakota
172;Lake Michelle;Maine
173;New Robertfurt;Illinois
174;Richardchester;New Jersey
175;West Pamela;Wyoming
176;South Dawnside;Alaska
177;South Kimberly;Arkansas
178;New Stacy;Wisconsin
179;East Brian;Kentucky
180;Lake Rebecca;Oklahoma
181;West Johnmouth;Montana
182;West Ashley;Louisiana
183;New Ann;Michigan
184;Port Benjamin;Colorado
185;Port Heathertown;Nevada
186;New Randallfort;Colorado
187;New Dennis;Oregon
188;Hallport;Iowa
189;Lisamouth;Wisconsin
190;Lake Kristen;Washington
191;Jeremybury;Kentucky
192;Morrisstad;Virginia
193;Carlville;Connecticut
194;North Hayleytown;Arizona
195;Leestad;Indiana
196;Carmenville;Indiana
197;Jonesshire;Texas
198;Lake Nicoleberg;Montana
199;Chadfort;Missouri
200;West Jerryfurt;Wisconsin
201;Timothybury;Idaho
202;Beckhaven;Nevada
203;North Timothystad;Massachusetts
204;East Terry;Delaware
205;Connieport;Wyoming
206;South Raymondville;Vermont
207;South Dianaborough;Indiana
208;South Gregory;California
209;Ballmouth;Washington
210;Huffstad;Oklahoma
211;South Samuelhaven;Texas
212;Georgetown;Ohio
213;East Melissaburgh;Mississippi
214;Norrisbury;South Dakota
215;Wilcoxside;Hawaii
216;West Jasonmouth;Iowa
217;Port Elizabeth;Connecticut
218;Port Edwardfort;Colorado
219;South Kelly;Idaho
220;Longport;Maryland
221;Samuelhaven;Nebraska
222;Jasmineshire;Oklahoma
223;West Sara;Colorado
224;Walkerstad;Idaho
225;East Dianatown;Oregon
226;Amyview;Texas
227;Walkerborough;Arizona
228;North Shawn;Missouri
229;West Karentown;Arkansas
230;North David;New Mexico
231;Port Lucasview;South Dakota
232;West Jenniferborough;California
233;Adamtown;Colorado
234;Perezburgh;Delaware
235;East Shawn;Idaho
236;Carrollchester;Wyoming
237;Gonzalestown;Rhode Island
238;Baileyville;Maryland
239;Davidton;Louisiana
240;Johnsonside;West Virginia
241;North Justin;Iowa
242;Kevinton;Massachusetts
243;Vincentborough;Connecticut
244;Lake Josemouth;Maine
245;Lake William;Tennessee
246;Bradfordtown;Minnesota
247;Rodriguezbury;New York
248;Keithburgh;Mississippi
249;South Abigail;Ohio
250;West Daniel;Nevada
251;South Steven;Louisiana
252;Newmanport;New Mexico
253;Juanhaven;Louisiana
254;Wangborough;Ohio
255;Richardsonchester;North Dakota
256;New Brianburgh;West Virginia
257;Sharonchester;Iowa
258;North Angelaborough;Rhode Island
259;Thomasside;North Dakota
260;Ianshire;Wisconsin
261;Michaelchester;Nevada
262;Annetteberg;Wyoming
263;Margaretview;Kentucky
264;Port Steven;Iowa
265;Simpsontown;Minnesota
266;West James;Montana
267;West Stacymouth;Kansas
268;Nathanville;Missouri
269;Port Jeremy;Colorado
270;Maryfort;Indiana
271;Davidchester;New Jersey
272;Ramosburgh;Oregon
273;Sarahchester;Vermont
274;West Jennifer;New Hampshire
275;Taylorport;California
276;Samanthashire;New Hampshire
277;Nicolechester;Georgia
278;Charlesside;Kentucky
279;South Reginaldmouth;Wisconsin
280;Lake Eric;Georgia
281;East Alex;Arizona
282;Kevinborough;South Carolina
283;Andreastad;New Jersey
284;South William;Tennessee
285;East Paul;New York
286;Calderonville;Maryland
287;East Aprilside;South Dakota
288;Andrewbury;Texas
289;Port Victoriahaven;Missouri
290;Michaelstad;Virginia
291;North Karenchester;Utah
292;Lake Benjamin;Illinois
293;Port Kylieville;Montana
294;Clementsfort;New York
295;Millerland;Alabama
296;Calvinton;California
297;Madisonside;Connecticut
298;Lake Angelabury;Illinois
299;West Christopher;Michigan
300;Karenshire;North Dakota
301;New Dennis;Kansas
302;Lake Michaelland;Virginia
303;Angelaton;Idaho
304;East Christopher;South Dakota
305;West Jermaine;South Dakota
306;Heathermouth;Ohio
307;Lake Tammy;New Jersey
308;Lake William;Alaska
309;East Pamelafurt;Montana
310;Lake Zachary;Pennsylvania
311;South Kennethtown;California
312;South Stephanie;Idaho
313;Woodfurt;Alaska
314;Aaronbury;Vermont
315;Masonfurt;South Dakota
316;Shannonhaven;Kentucky
317;New Jacquelineview;Utah
318;New Wendybury;Wyoming
319;Port April;Pennsylvania
320;New Stephanieville;Wyoming
321;North Anthony;Oklahoma
322;North Wendyland;Nebraska
323;Clineview;North Dakota
324;South Suzanne;Ohio
325;West Erica;Michigan
326;Pattersonstad;Montana
327;East Lawrenceshire;Pennsylvania
328;Jenningsport;New York
329;South Carriestad;New Hampshire
330;Rubenton;Texas
331;Denisestad;Ohio
332;Hunterland;Indiana
333;Flynnfort;Kentucky
334;Jillton;Arkansas
335;Cruzland;South Carolina
336;Lake Cameronville;Pennsylvania
337;Lake Tiffany;New Jersey
338;North Stevenmouth;Nevada
339;Lake Heathershire;West Virginia
340;North Tyler;Vermont
341;Port Steveland;Oklahoma
342;Lake Ryan;Montana
343;Lake Dannyville;Louisiana
344;East Ricardo;Delaware
345;Kristinstad;Alabama
346;Ballview;Wyoming
347;Thompsonfurt;Tennessee
348;East Allen;Iowa
349;East John;North Dakota
350;New Jean;North Dakota
351;Masseyborough;Oklahoma
352;South Brittanyton;Nebraska
353;Port Sharon;Rhode Island
354;West Barbara;South Carolina
355;Johnsonmouth;Ohio
356;Henrytown;Vermont
357;Smithborough;New Jersey
358;Lake Katie;Wisconsin
359;South Kimberly;Oklahoma
360;Higginshaven;Washington
361;Rodriguezside;Nevada
362;South Steven;Mississippi
363;Rodriguezside;Florida
364;Johnsonview;Hawaii
365;Rodriguezfurt;Nebraska
366;Rebeccafurt;Alaska
367;Riveraborough;Massachusetts
368;Gonzalesport;Idaho
369;Stephaniestad;Missouri
370;Port Charlesborough;Kansas
371;East Brianview;Iowa
372;New Sophia;Florida
373;Janetchester;Nebraska
374;Brandymouth;Virginia
375;Lake William;Delaware
376;Port Scotttown;Hawaii
377;Gibsonchester;Massachusetts
378;North Laurentown;Missouri
379;Williamview;Maryland
380;Williamland;Montana
381;Port Lori;New Hampshire
382;West Jonathan;North Dakota
383;West Christopherton;New Hampshire
384;Amandashire;Vermont
385;West Courtneystad;Michigan
386;Lake Cathyburgh;Tennessee
387;North Shawna;Florida
388;Williamstown;Alaska
389;Port Gavin;Utah
390;Lambberg;Florida
391;Stephenview;Connecticut
392;West Patrickton;Kentucky
393;Bartonbury;Wisconsin
394;Taylormouth;Wyoming
395;East Samanthabury;Montana
396;New Darryl;Nevada
397;West Jeffreyborough;New Hampshire
398;Rodriguezton;Tennessee
399;Lake Nicholasfort;Utah
400;Lake Victoriafort;North Carolina
401;West Stephanie;Florida
402;South Blake;Virginia
403;Port Jameston;Arizona
404;Micheleberg;Arizona
405;West Jacobside;Indiana
406;Chelseaville;Oklahoma
407;New Christyfurt;Vermont
408;Butlerhaven;Georgia
409;Richardsonborough;Oklahoma
410;Lake Raymond;Kansas
411;Frankchester;Connecticut
412;East Amybury;Massachusetts
413;South Joseph;Michigan
414;Gregoryshire;Iowa
415;South Michelleshire;Arkansas
416;North William;Iowa
417;Harrisberg;Oregon
418;Lake Samanthaborough;Maine
419;Lake Wendybury;Kentucky
420;Leeport;Utah
421;Lake Kelly;California
422;Kathleenshire;Connecticut
423;Youngberg;North Dakota
424;Port Stevenstad;Maryland
425;Lake Aaron;New Jersey
426;South Charlesland;Arkansas
427;Port Joel;Pennsylvania
428;Douglastown;New York
429;Robertport;Alaska
430;Adkinshaven;Utah
431;Bethhaven;South Carolina
432;Dominiqueborough;Indiana
433;North Jasonbury;Alaska
434;Jeffreyborough;Connecticut
435;West Shawntown;Massachusetts
436;Pattersonport;Maryland
437;West Josephhaven;West Virginia
438;West Gabrielhaven;Nebraska
439;South Jeffreyfurt;New Jersey
440;Jonesfort;Delaware
441;Lake Jessicaborough;Idaho
442;Annaport;California
443;East Jodi;Colorado
444;Stevenborough;Hawaii
445;Lake Erikburgh;South Carolina
446;Lake Kelly;Alaska
447;Wagnerburgh;Wisconsin
448;East Bryanbury;Oregon
449;South Lisa;Vermont
450;Mannchester;South Dakota
451;Davidburgh;Arkansas
452;Bellmouth;Indiana
453;South Jaimeland;Oregon
454;West Michael;Virginia
455;South Barry;Wyoming
456;Port John;Colorado
457;Moodymouth;Missouri
458;West Danielton;Delaware
459;Lake Pamelashire;Nebraska
460;Lake Stevenhaven;Idaho
461;Sarahberg;Utah
462;Lake Angela;Connecticut
463;Hicksmouth;Georgia
464;North Stephen;Kansas
465;Lake Justinstad;Iowa
466;Davidstad;Iowa
467;Andersonbury;New Jersey
468;North Davidberg;Utah
469;Stonebury;Alabama
470;West Melissatown;Arizona
471;New Michael;New Hampshire
472;New Lorishire;Iowa
473;Mariestad;Massachusetts
474;South Codychester;Utah
475;West Allison;Hawaii
476;North Sharon;Missouri
477;Port Austinton;Pennsylvania
478;Cardenasfurt;Idaho
479;West Patricia;Illinois
480;Allenberg;Maine
481;Port Jasonborough;New York
482;Rodneyside;South Dakota
483;Port Jamesside;Delaware
484;Deborahhaven;Montana
485;Jonathanmouth;Utah
486;East Alejandrafort;Massachusetts
487;Lake William;Wisconsin
488;South Tinachester;Louisiana
489;North Tammy;South Carolina
490;East Shelbyport;Tennessee
491;Sloanport;Maine
492;North William;Nevada
493;East Kennethmouth;Oklahoma
494;New Matthew;Louisiana
495;Port Joshuatown;Ohio
496;East Jennifermouth;Kentucky
497;West Jennifertown;Tennessee
498;Edwardville;Washington
499;Carlsonstad;South Dakota
500;Lake Kenneth;Pennsylvania
501;Port Jonathan;Arizona
502;New Stevenbury;Utah
503;Cherylmouth;Hawaii
504;Starkberg;Rhode Island
505;Lake Dawnview;North Carolina
506;South Amandashire;Georgia
507;Christopherville;Ohio
508;Garciaton;Wyoming
509;Franklinville;North Dakota
510;Angelachester;New Mexico
511;Tabithamouth;New Mexico
512;Lake Steven;Texas
513;East Catherineborough;Alabama
514;Michaelstad;Alabama
515;Jonathanfort;West Virginia
516;Shawnberg;Vermont
517;Krystalside;Georgia
518;Port Sarahfurt;New Mexico
519;East Joseph;Pennsylvania
520;Adkinsfort;Arkansas
521;South Christina;Utah
522;West Erin;Maine
523;Robertmouth;New Hampshire
524;Daniellefurt;Indiana
525;Hernandezside;Iowa
526;North Virginia;California
527;West Lesliefurt;Pennsylvania
528;Smithhaven;Oklahoma
529;Cameronmouth;Tennessee
530;Sanchezhaven;Oklahoma
531;New Ashley;Hawaii
532;New Theresatown;Missouri
533;Port Susan;Alabama
534;Kimberlyshire;Iowa
535;South Cindymouth;Idaho
536;Ramirezmouth;Kansas
537;Lake Lisa;South Dakota
538;Lake Michelleport;Alaska
539;Port Richard;Georgia
540;North Amanda;Missouri
541;East Shane;West Virginia
542;Brittneyborough;Maryland
543;Richardmouth;Michigan
544;East Michellestad;New Hampshire
545;Port Natalieton;Oklahoma
546;Sextonchester;Illinois
547;Christopherview;Wyoming
548;Jamesbury;Alabama
549;Dukeburgh;Alabama
550;Lake Jesse;New Mexico
551;Brittanyport;New Hampshire
552;New Gregoryport;North Carolina
553;Ianside;South Dakota
554;Walkerland;North Dakota
555;Riosfort;Pennsylvania
556;Beasleybury;Oregon
557;East Shawnfort;North Dakota
558;North Tylerton;Michigan
559;Emilyside;Texas
560;Port Johnton;North Carolina
561;South Alanside;Maine
562;East Gregory;Louisiana
563;Sherryside;Idaho
564;West Jaredside;California
565;Longshire;Arizona
566;Lindaville;South Carolina
567;Foxberg;Oklahoma
568;Port Rhondastad;Georgia
569;Port Heidistad;Iowa
570;Josephshire;South Carolina
571;West Rebekah;Georgia
572;West Amber;Alabama
573;Harrisonfurt;Indiana
574;South Melissaburgh;Arkansas
575;Lake Ryan;Rhode Island
576;Petermouth;Minnesota
577;Robertsstad;West Virginia
578;Wallaceport;Oregon
579;East Veronicamouth;Utah
580;Lake Michaelbury;Alabama
581;Alanstad;New York
582;Brianside;California
583;Jesseton;South Carolina
584;West Robert;Massachusetts
585;Lake Dianetown;Washington
586;North Catherinetown;South Dakota
587;Floresbury;Kentucky
588;South Shawnaport;Utah
589;Lake Michelle;New York
590;Wilsonmouth;Mississippi
591;Lake Margaret;Texas
592;Davisburgh;Maryland
593;Moralesview;Georgia
594;East Julie;Michigan
595;Gilmorefort;Alaska
596;East Michael;Montana
597;Poolefurt;Rhode Island
598;Myersbury;Georgia
599;North Ethanland;Washington
600;East Thomas;Pennsylvania
601;Lake Natalietown;Pennsylvania
602;Jenniferview;Illinois
603;Gonzalezberg;Louisiana
604;North Elizabethshire;New Hampshire
605;Johnsonbury;Mississippi
606;New Jacob;Alaska
607;Port Bradleymouth;Iowa
608;West Matthewchester;Michigan
609;Jonesland;Colorado
610;Bellton;New Hampshire
611;New Johnview;California
612;Hoganmouth;Kentucky
613;West Ronaldhaven;Indiana
614;Williamsview;Utah
615;West Jonathanville;Florida
616;New Robertmouth;Mississippi
617;New James;Indiana
618;Lake Mitchell;Montana
619;South Kennethville;Colorado
620;Murphychester;Wisconsin
621;Henryshire;Vermont
622;Clarktown;Minnesota
623;Mckenziestad;Iowa
624;Santanatown;Kentucky
625;East Carmenberg;Florida
626;East Lisa;New Hampshire
627;Haysburgh;New Mexico
628;Lopezmouth;Missouri
629;Blakebury;Texas
630;New James;Washington
631;South Felicia;New Hampshire
632;North Jonathanside;Kentucky
633;South Paul;Missouri
634;South Tammyberg;Idaho
635;Lake Michael;Mississippi
636;Lake James;New York
637;Ericburgh;Delaware
638;Waltershire;Oregon
639;Sarahton;Oklahoma
640;Dixonfurt;North Dakota
641;East Ellenburgh;Washington
642;Castillochester;New Hampshire
643;New Michaeltown;Tennessee
644;Port Derek;South Dakota
645;East April;Colorado
646;Larsonfort;North Carolina
647;Robertborough;Idaho
648;New Michael;Alaska
649;Davidville;Texas
650;Lake Meghan;New Mexico
651;Jacobsfort;Colorado
652;Huertaview;Illinois
653;Lake Robertville;Arizona
654;Port Kennethside;Mississippi
655;New Sarahside;Oregon
656;Sheryltown;Virginia
657;Mooreside;Maryland
658;Michellefort;Maryland
659;Ashleyport;North Dakota
660;Brandontown;Rhode Island
661;South Joshua;New York
662;Port Kevinborough;Maryland
663;East Tiffany;Vermont
664;West Nicolefort;Arkansas
665;Lake Juliashire;New York
666;Holmesshire;Maine
667;West Alexside;Montana
668;Nicoleside;South Carolina
669;New Angelica;Arizona
670;East William;Michigan
671;Rogersfurt;Nebraska
672;Davisshire;Connecticut
673;Port Tiffanyside;Indiana
674;Barrettfort;Nevada
675;North Kevin;Arizona
676;Stephensonburgh;Kentucky
677;Jenniferhaven;Vermont
678;New Jacob;Virginia
679;Rayton;North Carolina
680;Lesliestad;Wisconsin
681;Vaughanport;Alabama
682;East Christina;New Mexico
683;New Jorge;Wisconsin
684;North Kelly;Kansas
685;New Alexisborough;Indiana
686;South Michael;Pennsylvania
687;West Chelseaport;Iowa
688;Benjaminfurt;Georgia
689;Longbury;Hawaii
690;Matthewchester;Kentucky
691;Markberg;Maine
692;West Amy;Ohio
693;Craigmouth;Vermont
694;Bradleyhaven;Maine
695;North Kendrashire;West Virginia
696;Lake Timothy;Texas
697;West Brian;Texas
698;Lake Travis;Maryland
699;Freemanland;Mississippi
700;East Christine;North Dakota
701;West Jonathanshire;Massachusetts
702;West Donald;Louisiana
703;South Samanthahaven;Oregon
704;Lake Richardberg;Kansas
705;Lake Julie;Alabama
706;South Juan;Nebraska
707;Piercebury;Wisconsin
708;Lake Andrea;Colorado
709;New Jenniferburgh;Minnesota
710;West Mary;Texas
711;Matthewborough;Maine
712;West Allisonfort;Illinois
713;Lake Christopher;Kansas
714;North Kennethchester;Maine
715;New Joseph;North Dakota
716;Estradaport;Idaho
717;Wallland;Colorado
718;Nicholstown;Illinois
719;Mooreburgh;Vermont
720;Lake Kristen;Utah
721;Raymondton;Vermont
722;Port James;Pennsylvania
723;Davidland;Nevada
724;West Edward;New Hampshire
725;Annebury;Colorado
726;South Kennethport;Louisiana
727;Browningmouth;Connecticut
728;Osbornestad;Ohio
729;Bellstad;Wisconsin
730;Whitefurt;Pennsylvania
731;East Christopherfort;Iowa
732;Clineburgh;Nevada
733;South Lisa;Massachusetts
734;Lake Ryan;Mississippi
735;West Lindaborough;Massachusetts
736;South Corymouth;Alaska
737;South Bob;Arizona
738;Russellmouth;Arizona
739;Adamfurt;Minnesota
740;North Andrea;North Dakota
741;Johnsonmouth;Hawaii
742;Fuentesshire;Massachusetts
743;West Cindy;Wisconsin
744;Lake Cassandra;Louisiana
745;South Michael;Maine
746;Port Theresa;Maryland
747;Sheliafort;California
748;Lake Andrew;Mississippi
749;Schultzfurt;Delaware
750;Robinsonside;Hawaii
751;Annamouth;Idaho
752;West Jessica;Nevada
753;Allenland;Hawaii
754;East Jill;Maine
755;South Timothyberg;Vermont
756;Amyland;Rhode Island
757;Port Kellymouth;California
758;Lake Terri;Colorado
759;Lake Gary;Minnesota
760;New Laura;North Carolina
761;Port Victorville;Colorado
762;Bellville;South Dakota
763;Port Timothy;New Jersey
764;Wilsonburgh;Colorado
765;Lake Mirandamouth;North Dakota
766;Williamstown;Arkansas
767;Port Susan;New Hampshire
768;Elizabethfort;New York
769;West Deannaview;California
770;Oconnellburgh;Louisiana
771;Wolfview;Alaska
772;Williamshire;Alaska
773;East Taraville;Kentucky
774;Simmonsview;Nevada
775;East Andreabury;Pennsylvania
776;Armstrongstad;Michigan
777;Batesview;Massachusetts
778;Dannyfurt;Virginia
779;Joycemouth;Georgia
780;Elizabethburgh;California
781;Sarahhaven;Iowa
782;Lewishaven;Maryland
783;Kimberg;Nebraska
784;Port John;Arizona
785;Bennettstad;Alabama
786;Evansmouth;Vermont
787;Lake William;Virginia
788;Leeshire;Nevada
789;Crystalport;North Dakota
790;Brayland;Alabama
791;South Debbie;Louisiana
792;South Mark;Maryland
793;Port Makaylachester;North Dakota
794;Krauseborough;Maine
795;Port Timothyshire;Alabama
796;South Mark;Kansas
797;Brooketon;New York
798;Lake Jodimouth;Vermont
799;Acevedohaven;Missouri
800;Sellersbury;Kansas
801;West Todd;Wisconsin
802;North Wandafort;Arizona
803;Stonefurt;Kentucky
804;East Lauramouth;Maine
805;Port Zachary;Virginia
806;Beckerberg;West Virginia
807;East George;North Dakota
808;Marquezmouth;Kentucky
809;Lopezburgh;Idaho
810;Jonathanside;Kansas
811;Deckerburgh;Missouri
812;Port Jacqueline;Arkansas
813;North Kennethland;Maine
814;Port Shannonborough;South Carolina
815;South Justinfort;West Virginia
816;New Pedro;Iowa
817;Lake Ryanbury;Massachusetts
818;Riveraton;Oregon
819;North Carlos;Wisconsin
820;Adamsland;Pennsylvania
821;Ericville;Texas
822;North Daniel;Utah
823;West Brian;Illinois
824;Davidborough;North Dakota
825;Jessicachester;Florida
826;West Daniellefort;South Carolina
827;South Alexandra;Tennessee
828;West Christina;Oklahoma
829;Lake Jacobville;New Jersey
830;New Brandiberg;Hawaii
831;North Brian;Rhode Island
832;North Kathleen;Oregon
833;Charlesfurt;Illinois
834;Lake Angela;New Hampshire
835;Laurenchester;South Carolina
836;West Patricia;Arkansas
837;Matthewmouth;New York
838;Michaeltown;Alabama
839;West Justinburgh;Kansas
840;North Lindaton;Kentucky
841;Toddchester;Tennessee
842;Tammyville;North Carolina
843;Troybury;Louisiana
844;South Marc;Minnesota
845;Johnport;Florida
846;Jesseville;Alaska
847;Bradleyland;Connecticut
848;South Zacharyport;Idaho
849;Aliciabury;Colorado
850;West Nancy;Mississippi
851;Tamarashire;Arkansas
852;Lake Cristianstad;Rhode Island
853;Lake William;California
854;Johnsonmouth;Kansas
855;Port Phillipbury;Oregon
856;Michaelton;Idaho
857;Port Martinburgh;North Carolina
858;Cartertown;New Hampshire
859;West Sarah;Maryland
860;New Dawntown;Wisconsin
861;Webbville;South Carolina
862;New Donnatown;Arizona
863;Gonzalezland;Maryland
864;West Justinborough;Utah
865;North Linda;Tennessee
866;Port Stevenview;Idaho
867;Morrisside;New Jersey
868;Alvarezshire;Nebraska
869;South Dominic;Missouri
870;Lucasberg;Hawaii
871;Nathanton;Wyoming
872;East Paula;Iowa
873;Lake Brettville;Nebraska
874;Aprilfurt;Montana
875;Johnsburgh;Nevada
876;South Jennifer;Idaho
877;Davisshire;Utah
878;Anthonyton;Illinois
879;Curryshire;Colorado
880;Tonimouth;Georgia
881;Jerryville;New Mexico
882;West Dana;New York
883;Brennanfort;Utah
884;Cameronside;Mississippi
885;Camposberg;Colorado
886;Port Garyhaven;Nevada
887;East Megan;Wyoming
888;East Nataliemouth;Alabama
889;New Kellyshire;Alaska
890;Vanessabury;North Carolina
891;Jasonberg;West Virginia
892;Lake Andrewshire;Ohio
893;East Jacquelinefurt;Idaho
894;West Patriciaborough;Pennsylvania
895;Johnsonchester;Iowa
896;West Crystal;Florida
897;North Matthew;North Dakota
898;Hollandstad;Kentucky
899;Guerrerobury;Hawaii
900;Hahnshire;Montana
901;Leeport;Colorado
902;Anthonytown;Alabama
903;Schmidthaven;Colorado
904;Tiffanyburgh;Pennsylvania
905;East Juan;New Jersey
906;West Isabelville;West Virginia
907;Melaniehaven;Idaho
908;Rodriguezborough;Texas
909;Port Darleneland;Utah
910;East Jenniferview;Massachusetts
911;Reidside;Hawaii
912;South Tanyatown;Washington
913;Melissaside;Washington
914;Andersonview;North Dakota
915;Lake Stacyhaven;Maryland
916;South Greg;Kentucky
917;West Amandashire;Delaware
918;Bethanyview;Massachusetts
919;Grimesborough;Utah
920;West Joannaburgh;Utah
921;South Katrinashire;Idaho
922;Perryburgh;New Mexico
923;Port Christopher;New Jersey
924;Port Michael;Arkansas
925;West Michael;West Virginia
926;Goodmanshire;North Dakota
927;Chandlerbury;Maryland
928;Kingtown;Alabama
929;Port Gregorychester;Oregon
930;West Rachel;North Dakota
931;East Stephanieside;Arizona
932;Jeremyfurt;New Mexico
933;Danaport;North Dakota
934;Lake Patricia;Rhode Island
935;Laurenmouth;Hawaii
936;Mooreport;Alabama
937;Griffinshire;Illinois
938;South Sherry;Kansas
939;Port John;Michigan
940;Hollowayport;Colorado
941;Port Keith;Vermont
942;Lake Ashleymouth;Florida
943;Port Alyssa;Rhode Island
944;Russellmouth;Iowa
945;West Brittanyberg;Oklahoma
946;Coltonmouth;Maryland
947;Lopezborough;Nevada
948;Wrightfort;West Virginia
949;Williamsshire;New Jersey
950;South Christopherfort;Texas
951;Port Beth;Maine
952;Graveshaven;California
953;Tinachester;Hawaii
954;Lake Jameshaven;Maryland
955;Hinesborough;Connecticut
956;Dorseyborough;Missouri
957;West Jennyborough;Nevada
958;Jacobhaven;Kansas
959;Lake Jessica;Colorado
960;Luismouth;Mississippi
961;Lake Jamie;Colorado
962;Lake Charles;North Dakota
963;North Wandachester;Kansas
964;Matthewshire;Alaska
965;Mccalltown;Colorado
966;Dennisburgh;Delaware
967;Leeberg;Alabama
968;Mccoyberg;South Dakota
969;New Jeremyview;Washington
970;New Jeremy;Illinois
971;Caseyside;Wyoming
972;Stephenview;South Carolina
973;South Stephanieborough;Kentucky
974;West Susan;West Virginia
975;Port Daniel;Florida
976;New Maryfurt;Hawaii
977;Port Briana;California
978;North Lisa;Wyoming
979;Lake Danny;South Dakota
980;Edwardport;Florida
981;Ianport;New York
982;East Michael;California
983;Masonhaven;South Dakota
984;East Tannermouth;Kentucky
985;West Justinside;Tennessee
986;North Antoniotown;Utah
987;Stevenmouth;Alaska
988;Larafort;Oregon
989;Lake Mariahaven;Delaware
990;West April;Georgia
991;Thompsonbury;Idaho
992;Kimberg;Michigan
993;Wrightview;Utah
994;Sherrymouth;Hawaii
995;Robinsonland;Nebraska
996;Taraton;Alaska
997;Jacksonstad;Vermont
998;East Nicole;Tennessee
